{
  "type": "microbenchmark",
  "runtime": "deno",
  "benchmarks": {
    "arithmetic": {
      "name": "arithmetic",
      "warmup_iterations": 20,
      "warmup_ms": 100,
      "measured_iterations": 30,
      "inner_iterations": 20000,
      "batch_size": 111,
      "total_ms": 601.963289,
      "mean_ms": 20.06544296666667,
      "median_ms": 20.044208000000026,
      "p95_ms": 20.310917000000018,
      "min_ms": 19.924374999999998,
      "max_ms": 20.359167000000014,
      "ns_per_op": 9.038487822822823,
      "ops_per_sec": 110637976.13080022,
      "clock_source": "performance.now",
      "clock_resolution_ms": 0.00012499999999970868,
      "target_sample_ms": 20,
      "runtime": "deno"
    },
    "stringOps": {
      "name": "stringOps",
      "warmup_iterations": 20,
      "warmup_ms": 100,
      "measured_iterations": 30,
      "inner_iterations": 20000,
      "batch_size": 177,
      "total_ms": 610.6401270000001,
      "mean_ms": 20.354670900000006,
      "median_ms": 20.312125000000037,
      "p95_ms": 20.766667000000098,
      "min_ms": 20.23754199999985,
      "max_ms": 20.819832999999903,
      "ns_per_op": 5.749907033898306,
      "ops_per_sec": 173915855.35288605,
      "clock_source": "performance.now",
      "clock_resolution_ms": 0.00004099999989648495,
      "target_sample_ms": 20,
      "runtime": "deno"
    },
    "objectCreate": {
      "name": "objectCreate",
      "warmup_iterations": 20,
      "warmup_ms": 100,
      "measured_iterations": 30,
      "inner_iterations": 20000,
      "batch_size": 250,
      "total_ms": 551.5335399999999,
      "mean_ms": 18.38445133333333,
      "median_ms": 18.148125000000164,
      "p95_ms": 20.488667000000078,
      "min_ms": 17.975415999999996,
      "max_ms": 20.73308400000019,
      "ns_per_op": 3.676890266666666,
      "ops_per_sec": 271968954.05490667,
      "clock_source": "performance.now",
      "clock_resolution_ms": 0.00004099999978279811,
      "target_sample_ms": 20,
      "runtime": "deno"
    },
    "propertyAccess": {
      "name": "propertyAccess",
      "warmup_iterations": 20,
      "warmup_ms": 100,
      "measured_iterations": 30,
      "inner_iterations": 20000,
      "batch_size": 250,
      "total_ms": 493.84482899999966,
      "mean_ms": 16.461494299999988,
      "median_ms": 16.39212499999985,
      "p95_ms": 16.786790999999994,
      "min_ms": 16.147459000000254,
      "max_ms": 16.86870799999997,
      "ns_per_op": 3.2922988599999976,
      "ops_per_sec": 303739132.6011031,
      "clock_source": "performance.now",
      "clock_resolution_ms": 0.00004099999978279811,
      "target_sample_ms": 20,
      "runtime": "deno"
    },
    "functionCalls": {
      "name": "functionCalls",
      "warmup_iterations": 20,
      "warmup_ms": 100,
      "measured_iterations": 30,
      "inner_iterations": 20000,
      "batch_size": 250,
      "total_ms": 454.09770899999785,
      "mean_ms": 15.136590299999929,
      "median_ms": 15.096000000000004,
      "p95_ms": 15.309790999999677,
      "min_ms": 14.945333000000119,
      "max_ms": 15.607208000000355,
      "ns_per_op": 3.0273180599999856,
      "ops_per_sec": 330325383.78210735,
      "clock_source": "performance.now",
      "clock_resolution_ms": 0.00004099999978279811,
      "target_sample_ms": 20,
      "runtime": "deno"
    },
    "jsonOps": {
      "name": "jsonOps",
      "warmup_iterations": 20,
      "warmup_ms": 100,
      "measured_iterations": 30,
      "inner_iterations": 5000,
      "batch_size": 14,
      "total_ms": 622.1764130000024,
      "mean_ms": 20.739213766666747,
      "median_ms": 20.60433299999977,
      "p95_ms": 21.50020799999993,
      "min_ms": 20.36070800000016,
      "max_ms": 22.015124999999898,
      "ns_per_op": 296.27448238095354,
      "ops_per_sec": 3375248.4924239516,
      "clock_source": "performance.now",
      "clock_resolution_ms": 0.00004099999978279811,
      "target_sample_ms": 20,
      "runtime": "deno"
    },
    "httpHandler": {
      "name": "httpHandler",
      "warmup_iterations": 20,
      "warmup_ms": 100,
      "measured_iterations": 30,
      "inner_iterations": 5000,
      "batch_size": 100,
      "total_ms": 617.4128380000011,
      "mean_ms": 20.58042793333337,
      "median_ms": 20.607208000000355,
      "p95_ms": 20.89379199999985,
      "min_ms": 19.914834000000155,
      "max_ms": 21.002583999999842,
      "ns_per_op": 41.160855866666736,
      "ops_per_sec": 24294927.278463833,
      "clock_source": "performance.now",
      "clock_resolution_ms": 0.00004099999932805076,
      "target_sample_ms": 20,
      "runtime": "deno"
    },
    "httpHandlerHeavy": {
      "name": "httpHandlerHeavy",
      "warmup_iterations": 20,
      "warmup_ms": 100,
      "measured_iterations": 30,
      "inner_iterations": 2000,
      "batch_size": 29,
      "total_ms": 701.7111640000003,
      "mean_ms": 23.390372133333344,
      "median_ms": 23.395375000000058,
      "p95_ms": 23.576375000000553,
      "min_ms": 23.153000000000247,
      "max_ms": 23.587999999999738,
      "ns_per_op": 403.2822781609197,
      "ops_per_sec": 2479652.7250348823,
      "clock_source": "performance.now",
      "clock_resolution_ms": 0.00004099999932805076,
      "target_sample_ms": 20,
      "runtime": "deno"
    },
    "stringBuild": {
      "name": "stringBuild",
      "warmup_iterations": 20,
      "warmup_ms": 100,
      "measured_iterations": 30,
      "inner_iterations": 10000,
      "batch_size": 253,
      "total_ms": 610.5519569999997,
      "mean_ms": 20.35173189999999,
      "median_ms": 20.326750000000175,
      "p95_ms": 20.486499999999978,
      "min_ms": 20.227082999999766,
      "max_ms": 20.764415999999983,
      "ns_per_op": 8.044162806324106,
      "ops_per_sec": 124313744.52215546,
      "clock_source": "performance.now",
      "clock_resolution_ms": 0.00004099999932805076,
      "target_sample_ms": 20,
      "runtime": "deno"
    },
    "dynamicProps": {
      "name": "dynamicProps",
      "warmup_iterations": 20,
      "warmup_ms": 100,
      "measured_iterations": 30,
      "inner_iterations": 20000,
      "batch_size": 250,
      "total_ms": 491.71275099999457,
      "mean_ms": 16.390425033333152,
      "median_ms": 16.328207999999904,
      "p95_ms": 16.856958999999733,
      "min_ms": 16.168249999999716,
      "max_ms": 17.17174999999952,
      "ns_per_op": 3.2780850066666307,
      "ops_per_sec": 305056152.5910107,
      "clock_source": "performance.now",
      "clock_resolution_ms": 0.00004099999932805076,
      "target_sample_ms": 20,
      "runtime": "deno"
    },
    "arrayOps": {
      "name": "arrayOps",
      "warmup_iterations": 20,
      "warmup_ms": 100,
      "measured_iterations": 30,
      "inner_iterations": 20000,
      "batch_size": 5,
      "total_ms": 691.4960009999995,
      "mean_ms": 23.049866699999985,
      "median_ms": 23.010792000000038,
      "p95_ms": 23.470667000000503,
      "min_ms": 22.672457999999097,
      "max_ms": 23.519458000000668,
      "ns_per_op": 230.49866699999984,
      "ops_per_sec": 4338419.883356638,
      "clock_source": "performance.now",
      "clock_resolution_ms": 0.00004099999932805076,
      "target_sample_ms": 20,
      "runtime": "deno"
    },
    "nestedAccess": {
      "name": "nestedAccess",
      "warmup_iterations": 20,
      "warmup_ms": 100,
      "measured_iterations": 30,
      "inner_iterations": 20000,
      "batch_size": 78,
      "total_ms": 615.6744560000025,
      "mean_ms": 20.522481866666748,
      "median_ms": 20.424167000001034,
      "p95_ms": 21.196625000000495,
      "min_ms": 20.138624999999593,
      "max_ms": 21.31645800000115,
      "ns_per_op": 13.155437094017147,
      "ops_per_sec": 76014197.99687095,
      "clock_source": "performance.now",
      "clock_resolution_ms": 0.00004099999932805076,
      "target_sample_ms": 20,
      "runtime": "deno"
    },
    "queryParsing": {
      "name": "queryParsing",
      "warmup_iterations": 20,
      "warmup_ms": 100,